Customer_id,,Name,Dob,gender
C_1,Addr_38,Margaret Anderson,1995/06/14,Female
C_2,Addr_40,Anna Marshall,1976/03/16,Female
C_3,Addr_33,Christina Young,1961/07/05,Female
<<<<<<< HEAD
C_4,Addr_45,Michelle Ray,2007/01/14,Female
=======
C_4,Addr_44,Michelle Ray,2007/01/14,Female
>>>>>>> origin/master
C_5,Addr_32,Kathleen Reed,2010/02/25,Female
C_6,Addr_17,Debra Brooks,1997/07/24,Female
C_7,Addr_4,Bonnie Jacobs,1963/11/23,Female
C_8,Addr_26,Philip Dixon,1951/03/17,Male
C_9,Addr_18,Billy Black,1963/11/24,Male
C_10,Addr_13,Paula Carpenter,2002/08/17,Female
C_11,Addr_13,Joseph Wood,1999/06/02,Male
C_12,Addr_13,Justin Duncan,1962/08/24,Male
C_13,Addr_29,Peter Long,1986/07/04,Male
C_14,Addr_14,Peter Gonzales,1982/05/03,Male
C_15,Addr_36,Ashley Sims,1989/11/19,Female
C_16,Addr_7,Lawrence Gilbert,1974/08/03,Male
C_17,Addr_21,Shirley Mcdonald,1983/04/12,Female
C_18,Addr_25,Joyce Simpson,1975/08/15,Female
C_19,Addr_26,Paula Lee,1988/04/29,Female
C_20,Addr_23,Craig Howell,1992/07/16,Male
C_21,Addr_14,Lois Allen,1975/02/26,Female
C_22,Addr_35,Emily Evans,1980/03/19,Female
C_23,Addr_20,Adam Fernandez,1992/06/18,Male
C_24,Addr_19,Eugene Rodriguez,1960/04/15,Male
C_25,Addr_33,Sharon Fields,1966/07/25,Female
C_26,Addr_44,Gregory Johnston,2008/03/26,Male
C_27,Addr_2,Harold Flores,1978/10/25,Male
C_28,Addr_13,Craig Welch,1950/06/09,Male
C_29,Addr_22,Nicole George,2004/09/11,Female
C_30,Addr_43,Joshua Wright,1982/12/20,Male
C_31,Addr_12,Jacqueline Lopez,1989/05/24,Female
C_32,Addr_42,Anna Cruz,1996/04/23,Female
C_33,Addr_40,Shirley Wallace,2000/06/21,Female
C_34,Addr_33,Christopher Myers,1973/04/08,Male
C_35,Addr_22,David Boyd,1982/01/16,Male
C_36,Addr_37,Nancy Baker,1958/05/20,Female
C_37,Addr_9,Sandra Montgomery,1983/07/06,Female
C_38,Addr_19,Frank Carter,1971/02/22,Male
C_39,Addr_8,George Gonzalez,1962/12/06,Male
C_40,Addr_31,Rose Scott,1953/12/09,Female
C_41,Addr_29,Bruce Perez,1965/03/08,Male
C_42,Addr_22,Willie Flores,2010/10/15,Male
C_43,Addr_7,Matthew Holmes,1996/12/05,Male
C_44,Addr_13,Todd Jackson,1982/11/21,Male
C_45,Addr_4,Kathleen Sullivan,1956/11/17,Female
C_46,Addr_7,Brandon Little,1970/07/29,Male
C_47,Addr_22,Jack Brooks,1984/09/29,Male
C_48,Addr_42,Mildred Sullivan,1966/09/10,Female
C_49,Addr_26,Jean Lee,1974/12/15,Female
C_50,Addr_37,Diana Banks,1974/06/24,Female
C_51,Addr_19,Jason Wright,1990/09/19,Male
C_52,Addr_1,Marilyn Hicks,1973/06/04,Female
C_53,Addr_33,Angela Lopez,2003/04/30,Female
C_54,Addr_6,Ryan Daniels,1999/04/08,Male
C_55,Addr_31,Henry Hunter,1972/08/16,Male
C_56,Addr_39,Russell Vasquez,1983/09/04,Male
C_57,Addr_13,Melissa Nguyen,1972/07/03,Female
C_58,Addr_20,Robin Hernandez,1986/06/06,Female
C_59,Addr_5,Tammy Cole,2010/01/13,Female
C_60,Addr_18,Gerald Roberts,2000/04/05,Male
C_61,Addr_31,Antonio Jenkins,1987/04/12,Male
C_62,Addr_26,Harry Wagner,1968/03/23,Male
C_63,Addr_32,Andrew Richards,1975/10/16,Male
C_64,Addr_10,Billy Rice,2002/09/30,Male
C_65,Addr_26,Dennis Scott,1989/06/02,Male
C_66,Addr_28,Lillian Ellis,1969/06/13,Female
C_67,Addr_39,Joseph Larson,1999/06/27,Male
C_68,Addr_23,Anne Larson,1991/08/16,Female
C_69,Addr_21,Arthur Rivera,1968/08/17,Male
C_70,Addr_31,Roger West,2004/07/12,Male
C_71,Addr_43,Louis Greene,1960/08/17,Male
<<<<<<< HEAD
C_72,Addr_45,Steve Larson,1953/04/15,Male
=======
C_72,Addr_44,Steve Larson,1953/04/15,Male
>>>>>>> origin/master
C_73,Addr_22,Wayne Reynolds,1966/10/01,Male
C_74,Addr_38,Lawrence Hernandez,1953/10/15,Male
C_75,Addr_30,Patricia Diaz,1978/04/15,Female
C_76,Addr_27,Diana Burke,1958/06/25,Female
C_77,Addr_12,Robert Edwards,1957/03/08,Male
C_78,Addr_9,Jesse Sanders,1987/06/26,Male
C_79,Addr_15,Larry Peterson,1978/12/26,Male
C_80,Addr_21,Evelyn Bradley,1971/01/19,Female
C_81,Addr_28,Tina Stewart,1951/01/28,Female
C_82,Addr_16,Amy Gomez,2003/06/13,Female
C_83,Addr_5,Jennifer Patterson,1991/08/10,Female
C_84,Addr_1,Jack Jenkins,1983/10/06,Male
C_85,Addr_27,Katherine Simpson,1969/07/05,Female
C_86,Addr_31,Anne Foster,1982/07/03,Female
C_87,Addr_17,Michael Tucker,2010/04/29,Male
C_88,Addr_23,Andrew Hernandez,2004/05/13,Male
C_89,Addr_9,Kevin Nichols,1969/04/08,Male
<<<<<<< HEAD
C_90,Addr_45,Joyce Palmer,1990/05/21,Female
=======
C_90,Addr_44,Joyce Palmer,1990/05/21,Female
>>>>>>> origin/master
C_91,Addr_31,Gregory Armstrong,2001/12/23,Male
C_92,Addr_37,Dennis Reynolds,1970/10/19,Male
C_93,Addr_27,Ruby Cook,1952/02/05,Female
C_94,Addr_41,Justin Hicks,1992/12/23,Male
C_95,Addr_5,Roger Rice,1998/12/10,Male
C_96,Addr_21,Lori Carroll,1957/11/24,Female
C_97,Addr_27,Ruth Martin,1957/04/26,Female
C_98,Addr_42,Samuel Hanson,1999/07/14,Male
C_99,Addr_23,George Garcia,1991/03/08,Male
C_100,Addr_20,Juan Mccoy,1982/12/04,Male
C_101,Addr_27,John Carter,1982/11/17,Male
C_102,Addr_20,Angela Berry,1960/04/11,Female
C_103,Addr_23,Virginia Mitchell,1997/02/03,Female
C_104,Addr_22,Michael Fowler,1953/09/10,Male
C_105,Addr_20,Margaret Grant,1956/11/11,Female
C_106,Addr_4,Martin Diaz,1986/06/27,Male
C_107,Addr_34,Beverly Williams,1967/11/26,Female
C_108,Addr_27,Johnny Baker,1988/07/26,Male
C_109,Addr_32,Brenda Little,1997/01/25,Female
C_110,Addr_21,Kenneth Ray,1953/04/04,Male
C_111,Addr_5,Todd Martin,1966/04/07,Male
C_112,Addr_41,Amanda Gilbert,1964/03/12,Female
C_113,Addr_32,Ann Dean,1982/11/15,Female
C_114,Addr_42,Kevin Graham,1993/01/27,Male
C_115,Addr_21,Phyllis Perkins,1989/10/30,Female
C_116,Addr_9,Anna Grant,1993/09/11,Female
C_117,Addr_1,Jason Wells,1979/10/13,Male
C_118,Addr_30,Dorothy Campbell,1966/02/04,Female
C_119,Addr_1,Bruce Flores,1980/03/31,Male
C_120,Addr_24,Ernest Willis,1965/05/04,Male
C_121,Addr_34,Clarence Carroll,1999/08/10,Male
C_122,Addr_10,Roger Gonzales,1970/04/28,Male
C_123,Addr_3,Brandon Jones,1960/06/28,Male
C_124,Addr_41,Anne Ferguson,1965/04/08,Female
C_125,Addr_8,Barbara Ross,1956/12/28,Female
C_126,Addr_24,Harry Bryant,2005/01/07,Male
C_127,Addr_14,Eugene Coleman,1952/02/03,Male
C_128,Addr_44,Lillian Russell,1994/10/29,Female
<<<<<<< HEAD
C_129,Addr_45,Katherine Ramirez,1961/05/05,Female
=======
C_129,Addr_44,Katherine Ramirez,1961/05/05,Female
>>>>>>> origin/master
C_130,Addr_12,Mildred Boyd,1953/10/18,Female
C_131,Addr_17,Louis Daniels,2007/11/17,Male
C_132,Addr_11,Billy Ford,1991/01/25,Male
C_133,Addr_21,Roy Gray,1981/06/07,Male
C_134,Addr_39,Shawn Cooper,1963/07/28,Male
C_135,Addr_44,Bonnie Dixon,1973/08/31,Female
C_136,Addr_28,Kathy Nichols,1962/12/31,Female
C_137,Addr_32,Cheryl Flores,2003/01/16,Female
C_138,Addr_16,Julie Johnson,1992/05/09,Female
C_139,Addr_32,Amy Black,1985/10/19,Female
C_140,Addr_15,Scott Spencer,1969/01/21,Male
C_141,Addr_35,Earl Marshall,1997/06/03,Male
C_142,Addr_27,Carlos Johnson,2006/09/05,Male
C_143,Addr_16,Tammy Evans,1998/06/19,Female
C_144,Addr_29,Ryan Lynch,1966/09/30,Male
C_145,Addr_37,Billy Duncan,1983/03/07,Male
C_146,Addr_24,Laura Ruiz,1995/05/14,Female
C_147,Addr_40,Charles Robinson,1990/06/20,Male
C_148,Addr_8,Annie Torres,1988/04/15,Female
C_149,Addr_19,Tammy Mills,1980/09/07,Female
C_150,Addr_4,Billy Gonzalez,2001/05/01,Male
C_151,Addr_37,Michael Richards,1964/11/05,Male
C_152,Addr_14,Pamela Fox,1959/01/05,Female
C_153,Addr_30,Billy Nguyen,1990/09/12,Male
C_154,Addr_43,George Hall,1978/11/16,Male
C_155,Addr_26,Norma Thomas,1998/02/11,Female
C_156,Addr_33,Carol Riley,1983/01/12,Female
C_157,Addr_39,Bobby Mason,1997/02/07,Male
C_158,Addr_15,Judith Reyes,1992/10/08,Female
C_159,Addr_39,Mildred Henderson,1958/06/16,Female
C_160,Addr_18,Gloria Cook,1987/09/29,Female
C_161,Addr_16,Annie Stone,1971/05/17,Female
C_162,Addr_14,Matthew Lee,1953/12/13,Male
C_163,Addr_13,Henry Young,1991/07/18,Male
C_164,Addr_37,Nicholas Alvarez,1963/12/06,Male
<<<<<<< HEAD
C_165,Addr_45,Stephanie Campbell,1962/09/20,Female
=======
C_165,Addr_44,Stephanie Campbell,1962/09/20,Female
>>>>>>> origin/master
C_166,Addr_16,Alice Murphy,1993/02/18,Female
C_167,Addr_26,Wanda Scott,2004/05/25,Female
C_168,Addr_34,Anthony Howard,1951/05/04,Male
C_169,Addr_37,Jeffrey Flores,1968/07/23,Male
C_170,Addr_25,Lori Burke,1955/04/01,Female
C_171,Addr_17,Justin Hanson,1963/05/08,Male
C_172,Addr_19,Randy Jacobs,1975/01/10,Male
C_173,Addr_4,Howard Davis,1976/07/27,Male
C_174,Addr_3,Sharon Spencer,1982/06/18,Female
C_175,Addr_31,Amy Greene,1989/06/15,Female
C_176,Addr_41,Rachel Cook,1955/09/23,Female
C_177,Addr_13,Sharon Hunt,2003/04/03,Female
C_178,Addr_44,Nancy Jenkins,1977/04/03,Female
C_179,Addr_23,Gregory King,2009/12/13,Male
C_180,Addr_21,Patrick Carr,1981/08/21,Male
C_181,Addr_11,Helen Bell,2008/02/24,Female
C_182,Addr_15,Elizabeth Weaver,1979/01/28,Female
C_183,Addr_26,Ashley Daniels,1955/04/23,Female
C_184,Addr_31,Robert Scott,2009/01/05,Male
C_185,Addr_3,Phyllis Snyder,1953/10/02,Female
C_186,Addr_32,Joan James,1979/03/13,Female
C_187,Addr_20,Mark Marshall,2007/11/10,Male
C_188,Addr_9,Judy Bryant,1951/06/20,Female
C_189,Addr_13,Sharon Nguyen,1952/04/12,Female
C_190,Addr_24,Norma Turner,1990/10/25,Female
C_191,Addr_30,James Morales,1969/10/13,Male
C_192,Addr_31,Dennis Banks,1972/12/23,Male
C_193,Addr_37,Sara Oliver,1952/10/05,Female
C_194,Addr_38,Alice Parker,1951/10/20,Female
C_195,Addr_9,Craig Berry,1967/07/04,Male
C_196,Addr_20,Ernest Medina,1967/02/13,Male
C_197,Addr_24,Debra Mitchell,1960/02/27,Female
C_198,Addr_25,Edward James,1956/09/18,Male
C_199,Addr_2,Ryan Green,2000/01/23,Male
C_200,Addr_40,Shawn Henry,1980/04/14,Male
C_201,Addr_15,Phillip Ferguson,2008/08/27,Male
C_202,Addr_24,Lawrence Bennett,2008/03/18,Male
C_203,Addr_5,Nicole James,2008/10/05,Female
C_204,Addr_9,Joyce Morrison,2007/02/25,Female
C_205,Addr_38,Gloria Day,1983/10/13,Female
C_206,Addr_18,Jesse Carroll,1990/10/25,Male
C_207,Addr_21,Nancy Fernandez,1969/03/21,Female
C_208,Addr_4,Norma Gordon,1968/11/07,Female
C_209,Addr_16,Howard Elliott,1996/06/29,Male
C_210,Addr_4,Tina Stephens,1980/07/14,Female
C_211,Addr_8,Joyce Carpenter,1991/06/10,Female
C_212,Addr_26,Patrick Roberts,1959/08/02,Male
C_213,Addr_41,Diane Webb,1978/12/14,Female
C_214,Addr_27,Jonathan Parker,1990/07/02,Male
C_215,Addr_44,Amy Daniels,2008/03/25,Female
C_216,Addr_44,Anne Ross,2002/10/12,Female
C_217,Addr_42,Julie Coleman,1977/01/12,Female
C_218,Addr_15,Anna Price,1989/09/20,Female
C_219,Addr_17,Earl Burke,1958/12/23,Male
C_220,Addr_6,Evelyn Castillo,1970/01/01,Female
C_221,Addr_21,Johnny Cook,1993/08/08,Male
C_222,Addr_23,Chris Fernandez,2001/02/15,Male
C_223,Addr_31,Jesse Green,1994/10/15,Male
C_224,Addr_43,Ryan Cooper,1953/02/07,Male
C_225,Addr_8,Ruth Sullivan,1984/09/25,Female
C_226,Addr_36,Theresa Bailey,2008/07/25,Female
C_227,Addr_24,Louis Williamson,1950/05/16,Male
C_228,Addr_3,Nicholas Lawson,2002/07/04,Male
C_229,Addr_40,Andrea Stewart,1984/06/01,Female
C_230,Addr_8,Thomas Watkins,1968/03/21,Male
<<<<<<< HEAD
C_231,Addr_45,Dennis Young,1989/04/19,Male
=======
C_231,Addr_44,Dennis Young,1989/04/19,Male
>>>>>>> origin/master
C_232,Addr_27,Jessica Ross,1973/06/08,Female
C_233,Addr_20,Ruth Torres,1982/09/26,Female
C_234,Addr_43,Bruce Ray,2010/05/17,Male
C_235,Addr_19,Carolyn Chapman,1985/09/16,Female
C_236,Addr_38,Ruth Austin,1971/11/19,Female
C_237,Addr_40,Cynthia Thomas,1982/08/09,Female
C_238,Addr_39,Terry Fernandez,1992/04/10,Male
C_239,Addr_24,Judith Henderson,1996/03/12,Female
C_240,Addr_26,Robert Hansen,1987/08/26,Male
C_241,Addr_29,Denise Pierce,1975/05/05,Female
C_242,Addr_4,Angela Perry,1990/04/15,Female
C_243,Addr_30,Paul Butler,1978/12/19,Male
C_244,Addr_14,Jerry Howell,1968/02/21,Male
C_245,Addr_18,Julia George,1988/07/14,Female
C_246,Addr_1,Katherine Oliver,1954/12/31,Female
C_247,Addr_27,Annie Harrison,2004/05/24,Female
C_248,Addr_22,Virginia King,1992/01/20,Female
C_249,Addr_20,Brenda Perkins,1974/12/30,Female
C_250,Addr_8,Joseph Martinez,1956/04/12,Male
C_251,Addr_19,Kimberly Wells,1969/05/07,Female
C_252,Addr_35,Kenneth Day,1965/01/24,Male
C_253,Addr_19,Irene Price,1970/08/07,Female
C_254,Addr_42,Melissa Schmidt,1951/01/10,Female
C_255,Addr_19,Jonathan Reyes,1988/04/09,Male
C_256,Addr_6,Linda Hill,1960/07/17,Female
C_257,Addr_43,Andrea Dixon,1959/07/12,Female
C_258,Addr_38,Catherine Jones,1952/08/12,Female
C_259,Addr_27,Katherine Gonzales,1988/01/01,Female
C_260,Addr_42,Marie Wheeler,1989/08/01,Female
C_261,Addr_5,Teresa Jones,1969/10/14,Female
C_262,Addr_8,Jessica Moore,1969/02/02,Female
C_263,Addr_23,Eugene Davis,1999/03/22,Male
C_264,Addr_1,Ruby Mills,1977/12/23,Female
C_265,Addr_18,Emily Bryant,1991/04/12,Female
C_266,Addr_41,Robin Young,1956/12/03,Female
C_267,Addr_18,Thomas Holmes,1972/05/30,Male
C_268,Addr_33,Deborah Schmidt,1973/11/21,Female
C_269,Addr_37,Margaret Collins,1961/12/21,Female
C_270,Addr_23,Carl Ellis,1958/09/08,Male
C_271,Addr_16,Tammy Allen,1999/02/09,Female
C_272,Addr_13,Steven Evans,1983/08/13,Male
C_273,Addr_12,Ralph Woods,1963/11/25,Male
C_274,Addr_32,Gary Mills,1987/04/20,Male
C_275,Addr_33,Timothy Shaw,1959/04/03,Male
C_276,Addr_16,Kevin Hanson,1971/06/08,Male
C_277,Addr_8,Bonnie Kelly,1966/03/07,Female
C_278,Addr_1,Philip Parker,2007/09/16,Male
C_279,Addr_19,Sandra Cruz,1961/12/06,Female
C_280,Addr_42,Louis Dean,2008/05/14,Male
C_281,Addr_26,Beverly Rose,1958/09/30,Female
C_282,Addr_7,Michelle Adams,1952/12/01,Female
C_283,Addr_26,Donna Ferguson,1966/10/01,Female
C_284,Addr_35,Johnny Rice,2003/04/16,Male
C_285,Addr_17,Jesse Bryant,1989/08/16,Male
C_286,Addr_11,Justin Knight,1963/05/11,Male
C_287,Addr_25,Rebecca Ruiz,2007/02/11,Female
C_288,Addr_35,Janice Taylor,1960/02/14,Female
C_289,Addr_20,Benjamin Bishop,1987/07/15,Male
C_290,Addr_10,Martin Garrett,1968/07/14,Male
C_291,Addr_8,Harry Moreno,2010/12/22,Male
C_292,Addr_10,Julia Franklin,1951/11/25,Female
C_293,Addr_35,Rachel Cunningham,1970/07/07,Female
C_294,Addr_22,Deborah Simpson,1963/02/19,Female
C_295,Addr_16,Catherine Moore,2001/04/29,Female
<<<<<<< HEAD
C_296,Addr_45,Steve Collins,1984/08/19,Male
=======
C_296,Addr_44,Steve Collins,1984/08/19,Male
>>>>>>> origin/master
C_297,Addr_21,Bobby Nelson,1957/11/07,Male
C_298,Addr_26,Jacqueline Burns,1960/05/13,Female
C_299,Addr_12,Shawn Vasquez,1956/04/29,Male
C_300,Addr_4,Lawrence Sullivan,2006/08/20,Male
C_301,Addr_7,Albert Roberts,2007/07/13,Male
C_302,Addr_39,Victor Wells,1960/10/12,Male
C_303,Addr_34,Terry Foster,1966/08/23,Male
C_304,Addr_44,Emily Bowman,2006/05/14,Female
C_305,Addr_6,Kathy Webb,1997/02/07,Female
C_306,Addr_6,Bonnie Richardson,1954/04/28,Female
C_307,Addr_37,Philip Mitchell,1991/06/21,Male
C_308,Addr_14,Donald Lopez,1981/09/24,Male
C_309,Addr_1,Norma Crawford,1994/06/12,Female
C_310,Addr_39,Fred Willis,1987/09/30,Male
C_311,Addr_6,Arthur Stone,1976/12/11,Male
C_312,Addr_29,Roy Mitchell,1960/06/29,Male
C_313,Addr_16,Janice Allen,1984/04/27,Female
C_314,Addr_22,Angela Baker,1950/12/23,Female
C_315,Addr_39,Marilyn Hamilton,1975/04/12,Female
C_316,Addr_2,Mildred Walker,1954/07/02,Female
C_317,Addr_2,Jesse Harvey,2003/06/22,Male
C_318,Addr_7,Rose Alexander,1972/07/06,Female
C_319,Addr_40,Harold Pierce,1979/03/26,Male
C_320,Addr_2,Lois Ferguson,1972/09/22,Female
C_321,Addr_37,Andrea Harrison,2002/04/28,Female
C_322,Addr_21,Lillian Dixon,1993/11/06,Female
C_323,Addr_36,Katherine Spencer,1976/12/24,Female
C_324,Addr_23,Brian Patterson,1990/08/27,Male
C_325,Addr_12,Janet Mcdonald,1953/12/10,Female
C_326,Addr_15,Albert Murray,1969/03/19,Male
C_327,Addr_15,Phillip Williams,2006/09/08,Male
C_328,Addr_30,Laura Morris,1973/12/08,Female
C_329,Addr_35,Sean Hunt,1984/04/22,Male
<<<<<<< HEAD
C_330,Addr_45,Betty Ray,2009/12/28,Female
=======
C_330,Addr_44,Betty Ray,2009/12/28,Female
>>>>>>> origin/master
C_331,Addr_3,Teresa Fisher,2001/01/24,Female
C_332,Addr_21,Joan Rice,1971/09/14,Female
C_333,Addr_9,Thomas Carr,1993/11/28,Male
C_334,Addr_12,Sharon Robertson,1952/11/02,Female
C_335,Addr_17,William Robertson,1957/09/27,Male
C_336,Addr_7,Joshua Ryan,2009/06/18,Male
C_337,Addr_13,Catherine Schmidt,1999/09/28,Female
C_338,Addr_22,Janice Crawford,2006/10/13,Female
C_339,Addr_28,Jose Ellis,1952/01/03,Male
C_340,Addr_4,Nancy White,2000/12/14,Female
C_341,Addr_36,Norma Hayes,1965/03/29,Female
C_342,Addr_11,Robert Larson,2008/01/08,Male
C_343,Addr_32,Wanda Sims,1985/02/19,Female
C_344,Addr_8,Russell Fisher,1976/01/27,Male
C_345,Addr_36,Jacqueline Butler,1991/09/10,Female
C_346,Addr_6,Donald Sanchez,1969/09/22,Male
C_347,Addr_22,Ernest Larson,1956/10/30,Male
C_348,Addr_24,Diana Payne,1998/04/27,Female
C_349,Addr_1,Brenda Sanders,1968/10/29,Female
C_350,Addr_28,Annie Burke,1986/11/12,Female
C_351,Addr_37,Lisa Tucker,1961/05/10,Female
C_352,Addr_12,Steven Armstrong,2009/04/10,Male
C_353,Addr_21,Ronald Myers,1980/06/15,Male
C_354,Addr_32,Angela Oliver,1982/03/06,Female
C_355,Addr_28,Albert Stewart,1962/07/21,Male
C_356,Addr_39,Alice Harper,1991/06/04,Female
C_357,Addr_4,Ryan Flores,1971/04/01,Male
C_358,Addr_30,Lillian Rivera,2005/06/27,Female
C_359,Addr_18,Donna Hudson,1971/06/12,Female
C_360,Addr_36,Jesse Wheeler,1988/11/03,Male
C_361,Addr_35,Janet Romero,1967/02/18,Female
C_362,Addr_29,Lori Riley,1986/01/10,Female
C_363,Addr_23,Scott Cooper,1951/09/15,Male
C_364,Addr_25,Nancy Kim,2008/02/29,Female
C_365,Addr_3,Sharon Jacobs,1989/07/22,Female
C_366,Addr_8,Teresa Larson,1986/02/22,Female
C_367,Addr_9,Carol Fisher,1994/09/04,Female
C_368,Addr_25,Ernest Gomez,1997/04/08,Male
C_369,Addr_11,Peter Gilbert,1976/01/01,Male
C_370,Addr_8,Joshua Boyd,1977/09/24,Male
C_371,Addr_38,Anthony Rogers,1986/08/19,Male
C_372,Addr_2,Cheryl Grant,1994/12/22,Female
C_373,Addr_33,Ruth Johnston,1954/02/20,Female
C_374,Addr_20,Joan Torres,1953/01/30,Female
C_375,Addr_38,Debra Flores,1973/12/07,Female
C_376,Addr_32,Marilyn Castillo,1994/12/02,Female
C_377,Addr_42,James Rice,1965/03/21,Male
C_378,Addr_38,Joshua Harvey,1997/02/03,Male
C_379,Addr_13,Dennis Williams,1973/04/28,Male
C_380,Addr_10,Rebecca Stanley,1966/08/19,Female
C_381,Addr_40,Christina Greene,1988/03/27,Female
C_382,Addr_15,Jose Wood,1997/09/24,Male
C_383,Addr_22,Cheryl Gardner,2009/08/01,Female
C_384,Addr_13,Terry Moreno,1956/03/20,Male
C_385,Addr_6,Gerald Porter,1964/01/13,Male
C_386,Addr_28,Theresa Bryant,1953/10/30,Female
C_387,Addr_4,Steven Bell,1962/06/29,Male
C_388,Addr_10,Lois Wheeler,1961/02/04,Female
C_389,Addr_32,Jose Fuller,1950/07/21,Male
C_390,Addr_20,Thomas Perkins,1952/02/21,Male
C_391,Addr_43,Louis Carroll,2007/03/27,Male
C_392,Addr_28,Virginia Hamilton,1991/02/27,Female
C_393,Addr_1,Kelly Greene,1979/12/16,Female
C_394,Addr_41,Wayne Fields,1962/04/28,Male
C_395,Addr_17,Janet Bell,1953/08/30,Female
C_396,Addr_12,Justin Wells,1955/06/02,Male
C_397,Addr_23,Mark Ross,1998/03/31,Male
C_398,Addr_20,Sandra Peters,1978/02/18,Female
C_399,Addr_19,Betty Lawson,1980/11/04,Female
C_400,Addr_19,Jesse Meyer,1969/07/09,Male
C_401,Addr_1,Ryan Thompson,1996/04/26,Male
C_402,Addr_11,Kathryn Hall,1966/11/11,Female
C_403,Addr_33,Kathy Cox,1987/01/19,Female
C_404,Addr_2,Terry Sanders,1970/06/29,Male
C_405,Addr_20,Earl Alexander,1963/02/20,Male
C_406,Addr_1,Ruby Jones,1955/03/31,Female
C_407,Addr_35,Harold Watkins,1986/08/31,Male
C_408,Addr_6,Angela George,1991/09/13,Female
C_409,Addr_29,Kelly Reyes,1996/01/01,Female
C_410,Addr_12,Roger Payne,1972/03/01,Male
C_411,Addr_24,Deborah Gonzales,1962/01/15,Female
C_412,Addr_41,Daniel Hayes,1972/06/28,Male
C_413,Addr_19,Anne Butler,1966/11/02,Female
C_414,Addr_21,Jennifer Bishop,1962/08/08,Female
C_415,Addr_31,Eric James,1994/03/22,Male
C_416,Addr_28,Victor Harper,1998/02/22,Male
C_417,Addr_2,Helen Ward,1976/08/03,Female
C_418,Addr_29,Harry Perez,2006/09/09,Male
C_419,Addr_39,Ann Snyder,1998/08/02,Female
C_420,Addr_32,Arthur Collins,1971/12/28,Male
C_421,Addr_36,Gerald Austin,1951/09/15,Male
<<<<<<< HEAD
C_422,Addr_45,Daniel Ferguson,1992/01/25,Male
=======
C_422,Addr_44,Daniel Ferguson,1992/01/25,Male
>>>>>>> origin/master
C_423,Addr_17,Anthony Russell,1961/09/15,Male
C_424,Addr_9,Bobby Greene,1961/03/21,Male
C_425,Addr_27,Teresa Wells,1990/01/31,Female
C_426,Addr_39,Kathy Castillo,1977/02/16,Female
C_427,Addr_20,Denise Reed,1966/04/04,Female
C_428,Addr_13,Linda Burton,1987/12/23,Female
C_429,Addr_35,Jose Hughes,1988/06/10,Male
C_430,Addr_3,Virginia Hudson,1998/05/10,Female
C_431,Addr_10,Jean Frazier,1958/03/30,Female
C_432,Addr_24,Christopher Perkins,1978/09/19,Male
C_433,Addr_9,Michelle Mccoy,1988/04/24,Female
C_434,Addr_27,Joyce Hicks,1989/08/01,Female
C_435,Addr_7,Harry Mendoza,1995/10/30,Male
C_436,Addr_27,Anne Scott,1950/11/29,Female
C_437,Addr_15,Nancy Boyd,1971/09/13,Female
C_438,Addr_12,Donald Nichols,2008/11/06,Male
C_439,Addr_11,Donna Jackson,1960/08/22,Female
C_440,Addr_26,Diana Richards,2008/10/21,Female
C_441,Addr_35,Joshua Cook,1986/09/12,Male
C_442,Addr_23,Adam Morris,1996/11/07,Male
C_443,Addr_41,Jason Coleman,1955/05/28,Male
C_444,Addr_4,Jeremy Berry,1983/05/20,Male
C_445,Addr_18,Andrea Harrison,1968/05/17,Female
C_446,Addr_27,Howard Morrison,1959/07/08,Male
<<<<<<< HEAD
C_447,Addr_45,Patricia Snyder,1980/05/17,Female
=======
C_447,Addr_44,Patricia Snyder,1980/05/17,Female
>>>>>>> origin/master
C_448,Addr_9,Emily Burns,1981/11/22,Female
C_449,Addr_23,Ronald Mccoy,1996/03/11,Male
C_450,Addr_10,Nicholas Peters,1953/03/19,Male
C_451,Addr_4,Stephen Black,1963/04/25,Male
C_452,Addr_29,Laura Berry,1957/11/09,Female
C_453,Addr_43,Jennifer Nelson,1989/04/11,Female
C_454,Addr_38,Joan Wheeler,1993/12/08,Female
C_455,Addr_27,Pamela Simpson,1960/02/16,Female
C_456,Addr_33,Martin Myers,1976/01/28,Male
C_457,Addr_28,Adam Boyd,1968/11/27,Male
C_458,Addr_27,Ruby Banks,1971/10/07,Female
C_459,Addr_7,Michelle Thomas,2008/02/11,Female
<<<<<<< HEAD
C_460,Addr_45,Stephanie Gilbert,1961/04/22,Female
=======
C_460,Addr_44,Stephanie Gilbert,1961/04/22,Female
>>>>>>> origin/master
C_461,Addr_14,Benjamin Banks,1983/06/12,Male
C_462,Addr_40,Kathleen Welch,2000/04/13,Female
C_463,Addr_17,Steve Smith,1990/09/19,Male
C_464,Addr_2,Jimmy Freeman,1965/01/10,Male
C_465,Addr_2,Jeffrey Kelley,1965/08/12,Male
C_466,Addr_39,Helen Kelley,1976/07/08,Female
C_467,Addr_17,Johnny Collins,1980/12/10,Male
C_468,Addr_6,Alice Arnold,2009/12/26,Female
C_469,Addr_34,Sandra Jones,1951/05/15,Female
C_470,Addr_9,Maria Kelley,1968/01/18,Female
C_471,Addr_20,Elizabeth Fisher,1972/02/02,Female
C_472,Addr_35,Kelly Turner,1955/09/15,Female
C_473,Addr_8,Jack Gutierrez,2002/01/01,Male
C_474,Addr_43,Adam Duncan,1991/02/14,Male
C_475,Addr_39,Kimberly Collins,2000/01/25,Female
C_476,Addr_4,Rachel Ferguson,2006/11/15,Female
C_477,Addr_16,Jeremy Weaver,1957/01/17,Male
<<<<<<< HEAD
C_478,Addr_45,Sean Diaz,1951/05/01,Male
=======
C_478,Addr_44,Sean Diaz,1951/05/01,Male
>>>>>>> origin/master
C_479,Addr_31,Michelle Chavez,2002/05/02,Female
C_480,Addr_39,Tina Banks,1959/10/14,Female
C_481,Addr_14,Johnny Ford,1956/02/20,Male
C_482,Addr_16,Jesse Mason,2007/10/01,Male
C_483,Addr_30,Julia Martinez,1953/02/25,Female
C_484,Addr_34,Elizabeth Gomez,1975/04/04,Female
C_485,Addr_17,Jeremy Graham,1978/04/13,Male
C_486,Addr_22,Larry Collins,1973/01/08,Male
C_487,Addr_11,Sean Kelly,1972/05/18,Male
C_488,Addr_19,Arthur Cox,2006/12/14,Male
C_489,Addr_21,Denise Grant,1994/09/23,Female
C_490,Addr_4,Phillip Carr,1990/05/01,Male
C_491,Addr_26,Maria Morgan,1985/02/25,Female
C_492,Addr_37,Ralph Davis,2000/11/17,Male
<<<<<<< HEAD
C_493,Addr_45,Mildred Wells,1975/02/26,Female
=======
C_493,Addr_44,Mildred Wells,1975/02/26,Female
>>>>>>> origin/master
C_494,Addr_21,Beverly Dixon,1951/08/25,Female
C_495,Addr_40,Debra Hayes,1972/05/08,Female
C_496,Addr_16,Susan Wright,1968/07/22,Female
C_497,Addr_17,Barbara Ruiz,1960/04/08,Female
C_498,Addr_6,Jack Williamson,1983/03/05,Male
C_499,Addr_8,Laura Morgan,1955/02/26,Female
C_500,Addr_42,Michael Willis,2003/07/14,Male
C_501,Addr_9,Craig Armstrong,2008/01/12,Male
C_502,Addr_31,Jose Greene,1995/03/11,Male
C_503,Addr_9,Steven Hayes,1959/12/09,Male
C_504,Addr_40,Diane Hayes,1986/11/27,Female
C_505,Addr_6,Irene Cox,1975/06/09,Female
C_506,Addr_4,Howard Freeman,1988/05/11,Male
C_507,Addr_12,Russell Jenkins,1954/01/11,Male
C_508,Addr_27,Kelly Johnson,1984/11/03,Female
C_509,Addr_34,Ralph Stevens,2002/04/05,Male
<<<<<<< HEAD
C_510,Addr_45,Daniel Lane,1975/01/31,Male
=======
C_510,Addr_44,Daniel Lane,1975/01/31,Male
>>>>>>> origin/master
C_511,Addr_9,Alice Morris,1965/05/31,Female
C_512,Addr_29,Christopher Sanchez,1972/08/18,Male
C_513,Addr_35,Henry Powell,1952/06/20,Male
C_514,Addr_42,Ronald Scott,1989/05/30,Male
C_515,Addr_30,Michelle Gonzalez,2002/07/21,Female
C_516,Addr_27,Wanda Collins,1978/09/18,Female
C_517,Addr_24,Michael Walker,2007/03/19,Male
C_518,Addr_25,Edward Vasquez,1990/05/13,Male
C_519,Addr_23,Ashley Gonzalez,1981/07/15,Female
C_520,Addr_6,Jesse Wheeler,1953/02/13,Male
C_521,Addr_22,Randy Fields,1995/10/26,Male
C_522,Addr_32,Johnny Rose,1996/10/07,Male
C_523,Addr_20,Diane Long,1983/07/25,Female
C_524,Addr_42,Lisa Jenkins,1957/04/13,Female
C_525,Addr_30,Nicholas Jordan,1950/06/06,Male
C_526,Addr_19,Janet Washington,2009/03/30,Female
C_527,Addr_29,Eric Garrett,1978/03/28,Male
C_528,Addr_39,Russell Gibson,1976/10/17,Male
C_529,Addr_9,Joshua Wood,1950/01/24,Male
C_530,Addr_43,Diane Gardner,2000/01/17,Female
C_531,Addr_6,Amanda Lewis,1966/03/18,Female
C_532,Addr_30,Michael Boyd,1997/11/01,Male
C_533,Addr_28,Sean Stewart,1954/08/30,Male
C_534,Addr_25,Tina Shaw,1972/03/16,Female
C_535,Addr_6,Gary Fowler,2002/12/05,Male
C_536,Addr_40,Sean Ward,1992/12/04,Male
C_537,Addr_38,Edward Black,1983/03/30,Male
C_538,Addr_33,Anne Bradley,1999/09/06,Female
C_539,Addr_2,Fred Hunt,2002/03/31,Male
C_540,Addr_1,Brandon Johnston,1966/06/22,Male
C_541,Addr_31,Eugene Romero,1987/03/06,Male
C_542,Addr_34,Judy Myers,1996/03/31,Female
C_543,Addr_33,Judy Garrett,1979/01/02,Female
C_544,Addr_14,Michelle Hawkins,1989/01/07,Female
C_545,Addr_31,Robert Patterson,1970/08/15,Male
C_546,Addr_22,Arthur Campbell,1952/08/02,Male
C_547,Addr_8,Laura Freeman,1973/07/26,Female
C_548,Addr_44,Stephanie Rogers,1963/06/26,Female
C_549,Addr_32,Raymond Morris,1997/09/20,Male
C_550,Addr_8,Julie Nelson,1971/06/01,Female
C_551,Addr_21,Theresa Dunn,1965/12/20,Female
C_552,Addr_22,Jerry Gray,1970/08/14,Male
C_553,Addr_20,Joshua Anderson,1968/12/19,Male
C_554,Addr_36,Robin Robinson,1959/02/14,Female
C_555,Addr_8,Stephen Morris,1999/12/08,Male
C_556,Addr_37,Jimmy Castillo,1965/03/11,Male
C_557,Addr_11,Nicole Wood,1975/08/26,Female
C_558,Addr_7,Jeffrey Carpenter,1963/05/17,Male
C_559,Addr_9,Jessica Chapman,2001/03/11,Female
C_560,Addr_31,George Russell,2003/07/13,Male
C_561,Addr_26,Sharon Kelly,2002/07/02,Female
C_562,Addr_13,Scott Cruz,2001/09/13,Male
C_563,Addr_24,Ralph Little,1975/09/12,Male
C_564,Addr_3,Cheryl Bowman,1966/02/25,Female
C_565,Addr_22,Jimmy Alexander,1953/10/15,Male
C_566,Addr_28,Henry Kelley,1973/08/07,Male
C_567,Addr_27,Brian Hill,1987/02/07,Male
C_568,Addr_25,Bobby Bradley,2007/01/17,Male
C_569,Addr_30,Fred Dean,1998/02/01,Male
C_570,Addr_21,Michelle Gonzales,1975/01/23,Female
C_571,Addr_6,Timothy Turner,1990/08/22,Male
C_572,Addr_15,Antonio Peterson,1978/06/11,Male
C_573,Addr_28,Rebecca Nelson,1972/11/13,Female
<<<<<<< HEAD
C_574,Addr_45,Ryan Hanson,1994/08/17,Male
=======
C_574,Addr_44,Ryan Hanson,1994/08/17,Male
>>>>>>> origin/master
C_575,Addr_16,Irene Frazier,1980/09/09,Female
C_576,Addr_14,Jennifer Long,1953/10/23,Female
C_577,Addr_42,Lawrence Welch,2002/03/11,Male
C_578,Addr_20,Justin Boyd,1958/06/16,Male
C_579,Addr_10,Richard Wagner,2000/12/16,Male
<<<<<<< HEAD
C_580,Addr_45,Scott Duncan,1952/01/03,Male
=======
C_580,Addr_44,Scott Duncan,1952/01/03,Male
>>>>>>> origin/master
C_581,Addr_22,Earl Diaz,1951/03/19,Male
C_582,Addr_42,Anthony Hamilton,1955/03/18,Male
C_583,Addr_4,Jason Jordan,1979/05/02,Male
C_584,Addr_40,Wanda Crawford,1990/09/18,Female
<<<<<<< HEAD
C_585,Addr_45,Ann Ray,2010/08/27,Female
=======
C_585,Addr_44,Ann Ray,2010/08/27,Female
>>>>>>> origin/master
C_586,Addr_6,Jonathan Ward,1969/11/27,Male
C_587,Addr_41,Ruth Gilbert,2007/09/16,Female
C_588,Addr_16,Clarence Alexander,1998/09/06,Male
C_589,Addr_28,Steven Harrison,1998/11/28,Male
C_590,Addr_9,Joe Ford,1986/07/18,Male
C_591,Addr_14,Judith Cole,1981/05/01,Female
C_592,Addr_23,Kathryn Price,1973/08/28,Female
C_593,Addr_15,Samuel Brown,1966/12/23,Male
C_594,Addr_12,Katherine Phillips,1995/12/01,Female
C_595,Addr_7,Jacqueline Lawrence,1961/04/09,Female
C_596,Addr_26,John Kim,1958/07/18,Male
C_597,Addr_40,Steven Willis,1979/11/24,Male
C_598,Addr_22,Tina Scott,1969/12/24,Female
C_599,Addr_12,Matthew Dunn,1956/04/24,Male
C_600,Addr_44,Linda Carpenter,1967/12/21,Female
C_601,Addr_33,Kimberly Stewart,2006/02/12,Female
C_602,Addr_21,Larry Ferguson,2010/09/05,Male
C_603,Addr_29,Rachel Perez,2006/10/25,Female
C_604,Addr_32,Angela Watson,1987/02/12,Female
C_605,Addr_35,Jennifer Davis,1981/08/30,Female
C_606,Addr_15,Kenneth Watkins,2001/09/29,Male
C_607,Addr_4,Diana Bradley,1979/08/11,Female
C_608,Addr_24,Kevin Washington,1997/05/06,Male
C_609,Addr_35,Judy Meyer,1992/01/31,Female
C_610,Addr_7,Christina Gardner,1974/11/21,Female
C_611,Addr_26,Pamela Mcdonald,1955/09/02,Female
C_612,Addr_36,Phillip Burns,2000/08/13,Male
C_613,Addr_17,Mark Gomez,1993/01/08,Male
C_614,Addr_19,Susan Weaver,1996/12/08,Female
C_615,Addr_32,Nancy Reid,1970/06/16,Female
C_616,Addr_30,Ralph Woods,2004/03/12,Male
C_617,Addr_6,Sean Brown,1988/06/25,Male
C_618,Addr_27,Jeremy Martinez,1952/07/07,Male
C_619,Addr_7,John Hunter,1992/05/24,Male
C_620,Addr_36,Ronald Fisher,1966/07/08,Male
C_621,Addr_32,Louise Myers,1962/05/13,Female
C_622,Addr_16,Carolyn Reid,1985/08/28,Female
C_623,Addr_44,Jack Snyder,2007/02/02,Male
C_624,Addr_22,Brian Peterson,1992/08/02,Male
C_625,Addr_37,Craig Lee,1988/10/21,Male
C_626,Addr_43,Irene Duncan,2009/10/27,Female
C_627,Addr_3,Antonio James,1971/11/09,Male
C_628,Addr_28,Michelle Russell,1956/06/16,Female
C_629,Addr_7,Stephanie Bowman,2002/05/01,Female
C_630,Addr_14,Catherine Murphy,1982/02/25,Female
C_631,Addr_9,Phyllis Green,1993/08/06,Female
C_632,Addr_10,Kathryn Schmidt,2003/09/01,Female
C_633,Addr_10,Jennifer Hawkins,1958/10/26,Female
C_634,Addr_17,Lois Kim,1989/03/25,Female
C_635,Addr_37,Kevin Warren,1982/01/23,Male
C_636,Addr_38,Ruth Dunn,1961/06/09,Female
C_637,Addr_27,Kathleen Franklin,1969/08/07,Female
C_638,Addr_36,Brandon Cooper,1983/10/06,Male
C_639,Addr_40,Patricia Nelson,1971/06/12,Female
C_640,Addr_28,Carlos Gibson,2008/03/01,Male
C_641,Addr_40,Earl Tucker,1953/12/10,Male
C_642,Addr_8,Norma Ortiz,1990/10/04,Female
C_643,Addr_1,Louise Howell,1995/08/08,Female
C_644,Addr_14,Melissa Turner,1986/08/04,Female
C_645,Addr_3,Christina Carter,1976/10/12,Female
C_646,Addr_1,Richard Meyer,1979/10/11,Male
C_647,Addr_44,Michelle Armstrong,2006/05/16,Female
C_648,Addr_14,Ruby Ross,1952/05/11,Female
C_649,Addr_38,Christopher Young,1959/01/09,Male
C_650,Addr_40,Alice Cooper,1983/05/06,Female
C_651,Addr_2,Rose Grant,2009/11/23,Female
C_652,Addr_23,Phillip Barnes,2010/10/21,Male
C_653,Addr_35,Larry Moore,1993/02/24,Male
C_654,Addr_42,Ralph Walker,1964/05/14,Male
C_655,Addr_18,Elizabeth Baker,1955/11/03,Female
C_656,Addr_1,Thomas Brooks,2003/03/18,Male
C_657,Addr_37,Helen Snyder,1954/05/24,Female
C_658,Addr_40,Margaret Ford,1993/03/27,Female
C_659,Addr_38,Martin Franklin,1963/12/19,Male
C_660,Addr_3,Susan Watkins,1983/11/19,Female
C_661,Addr_15,Virginia Walker,1964/05/16,Female
C_662,Addr_31,Tina Hunter,1972/05/14,Female
C_663,Addr_8,Denise Clark,1984/12/22,Female
C_664,Addr_3,Rebecca Duncan,1984/07/07,Female
C_665,Addr_22,Judy Olson,1984/01/07,Female
C_666,Addr_29,Arthur Adams,1953/09/21,Male
C_667,Addr_33,Albert Murphy,1974/06/01,Male
C_668,Addr_35,Keith Richards,1980/09/08,Male
C_669,Addr_18,Mary Peters,1998/05/01,Female
C_670,Addr_17,Cheryl Perkins,1959/09/18,Female
C_671,Addr_9,Ruth Baker,2010/12/13,Female
C_672,Addr_34,Gregory Rose,1951/08/04,Male
C_673,Addr_44,Elizabeth Jones,1986/09/26,Female
C_674,Addr_40,Shirley Fuller,1952/03/02,Female
C_675,Addr_40,Joyce Reed,1982/12/16,Female
C_676,Addr_13,Donald Jenkins,1955/11/09,Male
C_677,Addr_7,Charles Hansen,1991/09/15,Male
C_678,Addr_1,Donna Armstrong,1962/06/10,Female
C_679,Addr_11,Irene Carr,1956/09/26,Female
C_680,Addr_34,Bruce Reid,2004/06/13,Male
C_681,Addr_44,Annie Porter,1998/10/14,Female
C_682,Addr_40,Arthur Jones,2001/01/30,Male
C_683,Addr_35,Lori King,1950/06/26,Female
C_684,Addr_21,Earl Watson,1970/04/21,Male
C_685,Addr_25,Joseph Kelly,1967/12/01,Male
C_686,Addr_17,Robin Gray,1978/03/07,Female
C_687,Addr_24,Virginia Matthews,1953/08/27,Female
C_688,Addr_31,Jane Ortiz,1976/07/21,Female
C_689,Addr_42,Betty Ward,1965/02/23,Female
C_690,Addr_42,George Dunn,1983/11/18,Male
C_691,Addr_42,Angela Hunt,2000/10/06,Female
C_692,Addr_21,Terry Frazier,1970/07/08,Male
C_693,Addr_19,Jean Arnold,1978/07/24,Female
C_694,Addr_30,Tina Carter,2001/05/16,Female
C_695,Addr_7,Frank Bowman,1952/10/20,Male
C_696,Addr_28,Douglas Weaver,1996/05/11,Male
C_697,Addr_5,Rebecca Garcia,1973/06/18,Female
C_698,Addr_40,Paula Walker,1958/03/18,Female
C_699,Addr_21,Barbara Bradley,2005/06/28,Female
C_700,Addr_37,Ronald Green,1962/04/08,Male
C_701,Addr_27,Henry Hansen,1966/07/02,Male
C_702,Addr_2,Howard George,1990/10/04,Male
C_703,Addr_25,Joan Ellis,1954/01/11,Female
C_704,Addr_37,Maria Mason,1964/09/13,Female
C_705,Addr_34,Christina Morales,1989/05/20,Female
C_706,Addr_8,Mark Armstrong,1974/07/03,Male
C_707,Addr_21,Pamela Sanders,1972/01/08,Female
C_708,Addr_13,Peter Fox,1990/04/01,Male
C_709,Addr_23,Thomas Butler,1964/11/15,Male
C_710,Addr_17,Lisa Elliott,1983/07/18,Female
C_711,Addr_37,Kimberly Moreno,1961/06/05,Female
C_712,Addr_16,Jesse Graham,1955/12/26,Male
C_713,Addr_7,Donna Mitchell,1982/01/12,Female
C_714,Addr_30,Karen Sanchez,1992/10/11,Female
C_715,Addr_31,Teresa Woods,1995/12/04,Female
C_716,Addr_29,Gregory Stanley,2007/11/07,Male
C_717,Addr_26,Louise Vasquez,1963/11/06,Female
C_718,Addr_9,Ronald Chapman,1960/08/16,Male
C_719,Addr_13,Ryan Garza,1998/07/29,Male
C_720,Addr_13,Brandon Mendoza,1975/01/31,Male
C_721,Addr_24,Theresa Greene,1950/05/03,Female
C_722,Addr_1,Janet Hughes,1959/02/14,Female
C_723,Addr_31,Gloria Phillips,1954/03/20,Female
C_724,Addr_12,Christopher Powell,1960/09/11,Male
C_725,Addr_44,Steve Wright,1975/12/16,Male
<<<<<<< HEAD
C_726,Addr_45,Rachel Webb,1989/12/24,Female
=======
C_726,Addr_44,Rachel Webb,1989/12/24,Female
>>>>>>> origin/master
C_727,Addr_14,Elizabeth Andrews,1963/10/19,Female
C_728,Addr_15,Paula Wells,1963/12/11,Female
C_729,Addr_41,Alan Arnold,1960/01/02,Male
C_730,Addr_6,Michelle Stanley,1968/01/24,Female
C_731,Addr_31,Laura Morgan,1981/05/25,Female
C_732,Addr_21,Angela Murray,2004/06/30,Female
C_733,Addr_13,Roger Roberts,1983/05/09,Male
C_734,Addr_22,Heather Hunter,1992/01/12,Female
C_735,Addr_23,Eric Reed,1975/07/25,Male
C_736,Addr_30,Raymond Hall,1964/01/08,Male
C_737,Addr_21,Lawrence Murphy,1999/10/12,Male
C_738,Addr_31,Emily Gonzales,1954/08/24,Female
C_739,Addr_23,Joe Marshall,1993/08/11,Male
C_740,Addr_36,Victor Franklin,1997/04/23,Male
C_741,Addr_22,Arthur Gibson,1956/09/02,Male
C_742,Addr_1,Harold Alvarez,1955/08/05,Male
C_743,Addr_12,Judith Cole,1955/06/08,Female
C_744,Addr_30,Patrick Hanson,1996/07/18,Male
C_745,Addr_34,Eugene Long,2010/09/21,Male
C_746,Addr_10,Clarence Stewart,1958/08/21,Male
C_747,Addr_20,Brenda Fields,1993/09/25,Female
C_748,Addr_35,Paul Howard,1996/04/05,Male
C_749,Addr_26,Maria Pierce,1983/01/25,Female
C_750,Addr_27,David Chavez,1990/10/16,Male
C_751,Addr_34,Cynthia Taylor,1965/08/23,Female
C_752,Addr_26,Rebecca Walker,1986/06/12,Female
C_753,Addr_23,Bonnie Mitchell,1962/05/08,Female
C_754,Addr_36,Emily Palmer,1982/02/27,Female
C_755,Addr_32,Wanda Dean,1991/07/02,Female
C_756,Addr_26,Ralph Wright,1996/06/28,Male
C_757,Addr_39,Deborah Jackson,1991/06/06,Female
C_758,Addr_40,Victor Gonzales,1992/05/26,Male
C_759,Addr_11,Carol Banks,1980/02/11,Female
C_760,Addr_3,Carolyn Gray,1970/11/08,Female
C_761,Addr_31,Nicholas Stanley,1979/09/21,Male
C_762,Addr_15,Jose Peterson,2008/10/26,Male
C_763,Addr_22,Ernest Reynolds,1981/03/14,Male
C_764,Addr_11,Douglas Flores,1985/05/31,Male
C_765,Addr_17,Irene Jacobs,1982/07/12,Female
C_766,Addr_3,Andrea Mccoy,1960/07/14,Female
C_767,Addr_15,Clarence Ward,1962/11/04,Male
C_768,Addr_7,Howard Harvey,1964/12/04,Male
C_769,Addr_25,Eugene Barnes,1977/02/26,Male
<<<<<<< HEAD
C_770,Addr_45,Melissa Robertson,1950/08/27,Female
=======
C_770,Addr_44,Melissa Robertson,1950/08/27,Female
>>>>>>> origin/master
C_771,Addr_26,Louis Jenkins,1963/03/16,Male
C_772,Addr_32,Terry Hunter,2005/10/28,Male
C_773,Addr_13,Todd Alexander,1992/08/23,Male
C_774,Addr_2,Sandra Carroll,1987/11/03,Female
C_775,Addr_30,Theresa Day,1987/12/15,Female
C_776,Addr_36,Brenda Oliver,1957/03/24,Female
C_777,Addr_6,Ronald Cook,1950/08/28,Male
C_778,Addr_13,Thomas Holmes,2008/08/11,Male
C_779,Addr_13,Jesse Jenkins,1964/07/11,Male
C_780,Addr_37,Lillian Phillips,2005/10/01,Female
C_781,Addr_9,Irene Elliott,2000/10/22,Female
C_782,Addr_10,Jesse Morales,1981/03/09,Male
C_783,Addr_13,Joyce Kelley,1984/01/07,Female
C_784,Addr_33,Brian Reyes,1994/07/31,Male
C_785,Addr_10,Gregory Larson,1968/09/16,Male
C_786,Addr_23,Billy Nichols,1978/10/21,Male
C_787,Addr_5,Amanda Oliver,1952/07/04,Female
C_788,Addr_40,Dorothy Armstrong,2001/10/20,Female
C_789,Addr_16,Carlos Banks,1971/10/20,Male
C_790,Addr_13,Clarence Holmes,1976/11/12,Male
C_791,Addr_19,Amy Wheeler,1999/08/09,Female
C_792,Addr_7,Jimmy Johnston,1972/09/27,Male
C_793,Addr_15,Karen Hunter,1991/03/14,Female
C_794,Addr_26,Jack Snyder,1951/07/04,Male
C_795,Addr_21,Sara Hall,1967/01/01,Female
C_796,Addr_7,Carol Ramos,2003/09/06,Female
C_797,Addr_44,Kathryn Ford,2008/03/15,Female
C_798,Addr_15,Scott Vasquez,2006/01/09,Male
C_799,Addr_19,Virginia Lawrence,1961/08/09,Female
C_800,Addr_25,Earl Fox,1956/02/08,Male
C_801,Addr_27,Norma Wallace,1952/08/24,Female
C_802,Addr_31,Kathryn Hansen,2005/01/10,Female
C_803,Addr_8,Katherine Thompson,2006/11/29,Female
C_804,Addr_12,Rose Bradley,1994/04/09,Female
C_805,Addr_21,Helen Williams,1995/10/31,Female
C_806,Addr_23,Jonathan Nichols,1985/01/03,Male
C_807,Addr_2,Diane Boyd,1988/03/26,Female
C_808,Addr_1,Lori Fuller,1976/07/24,Female
C_809,Addr_40,Edward Bradley,1983/01/25,Male
C_810,Addr_16,Brian Gonzales,1971/09/09,Male
C_811,Addr_10,Denise Wright,2010/05/17,Female
C_812,Addr_24,Harold Gonzales,1971/01/23,Male
C_813,Addr_14,Douglas Howard,2000/06/18,Male
C_814,Addr_15,Jane Washington,1971/04/25,Female
C_815,Addr_30,Gregory Ryan,1998/03/26,Male
C_816,Addr_37,Barbara Kennedy,2005/06/26,Female
C_817,Addr_6,Frank Burke,2010/02/17,Male
C_818,Addr_2,Denise Rose,2003/12/13,Female
<<<<<<< HEAD
C_819,Addr_45,Steve Foster,1983/08/27,Male
=======
C_819,Addr_44,Steve Foster,1983/08/27,Male
>>>>>>> origin/master
C_820,Addr_42,Ann Reynolds,1978/04/29,Female
C_821,Addr_3,John Simmons,2000/06/10,Male
C_822,Addr_24,Benjamin Hill,1979/07/27,Male
C_823,Addr_42,Jose George,1985/08/27,Male
C_824,Addr_6,Lillian Watkins,1976/04/20,Female
C_825,Addr_26,Justin Banks,1977/12/12,Male
C_826,Addr_15,Bobby Turner,1975/01/21,Male
C_827,Addr_20,Jesse Moreno,2002/10/27,Male
C_828,Addr_3,Marie Rivera,1987/08/22,Female
C_829,Addr_22,Billy Peterson,1952/07/02,Male
C_830,Addr_11,Wayne Banks,1977/04/06,Male
C_831,Addr_13,Norma Thomas,1956/12/02,Female
C_832,Addr_1,Virginia Johnston,1972/12/21,Female
C_833,Addr_12,Roy Schmidt,1993/07/12,Male
C_834,Addr_44,Albert Thompson,1960/08/23,Male
C_835,Addr_27,Kevin Rivera,1959/09/26,Male
C_836,Addr_36,Douglas Wagner,1958/08/07,Male
C_837,Addr_6,Rebecca Martin,1960/05/19,Female
C_838,Addr_29,Howard Wood,1979/12/31,Male
C_839,Addr_14,Harold Watson,1964/07/13,Male
C_840,Addr_15,Paula Morris,1961/09/08,Female
C_841,Addr_38,Justin Castillo,2009/10/14,Male
C_842,Addr_3,Laura Taylor,1973/08/14,Female
C_843,Addr_43,Dorothy Payne,1973/08/02,Female
C_844,Addr_3,Nicholas Kennedy,1956/07/02,Male
C_845,Addr_36,Maria Bowman,1959/09/30,Female
C_846,Addr_44,Kimberly Jackson,1950/09/05,Female
C_847,Addr_4,Victor Mendoza,2009/10/30,Male
C_848,Addr_24,Norma Jenkins,1973/01/13,Female
C_849,Addr_4,Jean Bennett,1992/06/26,Female
C_850,Addr_18,Steven Gonzalez,1962/08/08,Male
C_851,Addr_37,Carol Gardner,1987/03/30,Female
C_852,Addr_29,Joyce Graham,1957/06/27,Female
C_853,Addr_42,Lillian Barnes,1976/05/05,Female
C_854,Addr_14,Julia Wilson,1951/06/28,Female
C_855,Addr_16,Daniel Adams,1998/03/21,Male
C_856,Addr_12,Pamela Hansen,1972/05/03,Female
C_857,Addr_8,Roy Mendoza,1973/06/16,Male
C_858,Addr_26,Lisa Thompson,1989/02/18,Female
C_859,Addr_19,Marilyn Bowman,1998/12/18,Female
C_860,Addr_12,Brian Robertson,1960/12/29,Male
C_861,Addr_15,Adam Kim,1983/05/26,Male
C_862,Addr_10,Mildred Stevens,1975/05/18,Female
C_863,Addr_3,Anthony Cox,1984/04/29,Male
C_864,Addr_40,Jonathan Rose,1994/09/28,Male
C_865,Addr_21,Bruce Morrison,2003/06/23,Male
C_866,Addr_9,Roger White,1958/06/14,Male
C_867,Addr_38,Lori Gonzales,1964/06/10,Female
C_868,Addr_30,Eric Mason,1983/08/28,Male
C_869,Addr_33,Tina Cox,1973/05/25,Female
C_870,Addr_12,Heather Snyder,1951/06/22,Female
C_871,Addr_14,Bobby Gonzalez,1952/12/29,Male
C_872,Addr_29,Matthew Bell,1958/12/02,Male
C_873,Addr_12,Timothy Duncan,1967/09/26,Male
C_874,Addr_24,Craig Burns,1966/11/30,Male
C_875,Addr_23,Kathleen Evans,1959/01/03,Female
C_876,Addr_10,Judith Mitchell,1972/12/11,Female
C_877,Addr_29,Doris Mitchell,1972/04/11,Female
C_878,Addr_41,Tammy Austin,1982/05/14,Female
C_879,Addr_39,James Bowman,2006/08/21,Male
C_880,Addr_16,Philip Spencer,2000/02/07,Male
C_881,Addr_6,Roy Lopez,1987/07/22,Male
C_882,Addr_13,Fred Daniels,1959/05/20,Male
C_883,Addr_23,Ruth Carter,1990/08/19,Female
C_884,Addr_6,Billy Tucker,1991/06/09,Male
C_885,Addr_43,Melissa Hernandez,2005/04/17,Female
C_886,Addr_33,Ronald Freeman,1971/07/26,Male
C_887,Addr_42,Jacqueline Kim,1970/05/18,Female
C_888,Addr_29,Melissa George,1992/01/19,Female
C_889,Addr_28,Steven Foster,1983/07/02,Male
C_890,Addr_11,Anna Scott,2006/08/01,Female
C_891,Addr_21,Joyce Hill,1984/08/13,Female
C_892,Addr_38,Irene Duncan,1958/07/09,Female
C_893,Addr_43,Larry Garza,1984/10/01,Male
C_894,Addr_1,Brandon Fernandez,1984/11/29,Male
C_895,Addr_15,Andrea Ramos,1975/02/04,Female
C_896,Addr_11,Carolyn Little,1988/03/31,Female
C_897,Addr_27,Jeremy Morales,1982/10/11,Male
C_898,Addr_19,Debra Richards,1991/02/20,Female
C_899,Addr_32,Todd Kim,1961/05/10,Male
C_900,Addr_22,Larry Lee,1980/11/18,Male
C_901,Addr_38,Samuel Wright,1959/06/17,Male
C_902,Addr_17,Martha Ryan,1993/12/26,Female
C_903,Addr_30,Matthew Hunter,2000/11/02,Male
C_904,Addr_10,Alan James,1959/08/06,Male
C_905,Addr_1,Johnny Washington,1972/05/31,Male
C_906,Addr_19,Stephanie Dean,1954/10/25,Female
C_907,Addr_10,Joan Fields,1995/06/06,Female
C_908,Addr_5,Susan Snyder,1972/02/16,Female
C_909,Addr_14,Evelyn Fisher,1978/01/13,Female
C_910,Addr_38,Sean Robinson,2001/08/23,Male
C_911,Addr_28,Gregory Woods,2006/12/15,Male
C_912,Addr_16,Shirley Torres,2006/09/27,Female
C_913,Addr_41,Martha Gray,1983/10/03,Female
C_914,Addr_12,Dorothy Carpenter,2000/05/08,Female
C_915,Addr_17,Mary Clark,1970/03/25,Female
C_916,Addr_12,Angela Morales,1956/08/09,Female
C_917,Addr_27,Sarah Young,2010/05/19,Female
C_918,Addr_19,Bobby Bryant,2008/11/24,Male
C_919,Addr_23,Adam Woods,1950/08/14,Male
C_920,Addr_34,Gerald Foster,2007/06/07,Male
C_921,Addr_33,Linda Clark,1978/11/28,Female
C_922,Addr_41,Raymond Gray,1982/12/23,Male
C_923,Addr_18,Wanda Graham,1974/04/19,Female
C_924,Addr_35,Fred Miller,1952/05/06,Male
C_925,Addr_37,Judy Sims,1967/01/03,Female
<<<<<<< HEAD
C_926,Addr_45,Raymond Ryan,1983/03/03,Male
C_927,Addr_45,Heather Stephens,1953/02/21,Female
C_928,Addr_37,Martin Palmer,1965/10/15,Male
C_929,Addr_24,James Marshall,1963/11/09,Male
C_930,Addr_12,Patrick Arnold,1981/07/30,Male
C_931,Addr_45,Ruby Hunter,1955/08/22,Female
=======
C_926,Addr_44,Raymond Ryan,1983/03/03,Male
C_927,Addr_44,Heather Stephens,1953/02/21,Female
C_928,Addr_37,Martin Palmer,1965/10/15,Male
C_929,Addr_24,James Marshall,1963/11/09,Male
C_930,Addr_12,Patrick Arnold,1981/07/30,Male
C_931,Addr_44,Ruby Hunter,1955/08/22,Female
>>>>>>> origin/master
C_932,Addr_7,Rebecca Hunter,1959/10/27,Female
C_933,Addr_34,Jose George,1970/10/11,Male
C_934,Addr_37,Sandra Larson,1984/08/13,Female
C_935,Addr_16,Gloria Stanley,2007/11/13,Female
C_936,Addr_24,Walter Henderson,1966/05/08,Male
C_937,Addr_4,Barbara Peters,1999/10/02,Female
C_938,Addr_6,Angela Mccoy,1957/01/27,Female
C_939,Addr_35,Ruby Cole,2006/10/21,Female
C_940,Addr_35,Craig Washington,1973/06/19,Male
C_941,Addr_10,Nicole Reyes,1955/12/01,Female
C_942,Addr_30,Kathy Hill,1967/09/04,Female
C_943,Addr_42,Clarence Wood,1980/01/26,Male
C_944,Addr_22,Nicole Griffin,2002/12/08,Female
C_945,Addr_33,Janice Butler,1950/10/17,Female
C_946,Addr_37,Margaret Ross,2010/11/28,Female
C_947,Addr_29,Johnny Wilson,1958/11/10,Male
C_948,Addr_32,Johnny Cooper,1996/10/02,Male
C_949,Addr_9,Norma Daniels,1982/06/06,Female
C_950,Addr_36,Bobby Howard,1955/01/26,Male
C_951,Addr_8,Catherine Nguyen,1955/11/26,Female
C_952,Addr_25,Shawn Bowman,1992/03/31,Male
C_953,Addr_31,Randy Larson,1951/06/15,Male
C_954,Addr_37,Lisa Diaz,1959/04/07,Female
C_955,Addr_19,Jessica Bradley,1988/12/25,Female
C_956,Addr_5,Amanda Hunter,1975/02/23,Female
C_957,Addr_38,Carl Lawson,1989/05/23,Male
C_958,Addr_29,Diana Reid,1996/08/15,Female
C_959,Addr_13,Lillian Black,1955/02/07,Female
C_960,Addr_29,Chris Perez,1984/09/20,Male
C_961,Addr_34,Gloria Lane,2000/04/07,Female
C_962,Addr_41,George Garrett,1955/12/23,Male
C_963,Addr_38,Rebecca Fowler,1968/06/08,Female
C_964,Addr_34,Marilyn Gomez,1974/10/27,Female
C_965,Addr_13,Larry Graham,1952/03/14,Male
C_966,Addr_19,Nicole Arnold,2003/03/04,Female
C_967,Addr_7,Carol Holmes,1989/05/08,Female
C_968,Addr_12,Louise Foster,1974/07/13,Female
<<<<<<< HEAD
C_969,Addr_45,Mark Ruiz,1960/05/07,Male
=======
C_969,Addr_44,Mark Ruiz,1960/05/07,Male
>>>>>>> origin/master
C_970,Addr_5,Arthur Wright,1956/05/23,Male
C_971,Addr_36,Brenda White,1954/05/27,Female
C_972,Addr_17,Tina Hamilton,1998/02/16,Female
C_973,Addr_38,Juan Nguyen,2004/12/19,Male
C_974,Addr_16,Douglas Reed,1999/08/19,Male
C_975,Addr_5,Alice Carr,2000/06/04,Female
C_976,Addr_22,Phillip Kelly,1981/12/26,Male
C_977,Addr_19,Doris Williamson,2004/10/07,Female
C_978,Addr_5,Timothy Harris,1989/10/24,Male
C_979,Addr_32,Annie Garza,1957/04/12,Female
C_980,Addr_22,Lois Graham,2010/09/27,Female
C_981,Addr_38,Ryan Garza,1998/07/19,Male
C_982,Addr_14,Lois Schmidt,1974/01/10,Female
C_983,Addr_36,Wanda Riley,1990/05/05,Female
C_984,Addr_28,Margaret Sanders,1968/05/31,Female
C_985,Addr_41,Gerald Green,1973/03/21,Male
C_986,Addr_14,Jimmy Grant,1993/03/31,Male
C_987,Addr_3,Roger Hunter,2009/04/26,Male
C_988,Addr_36,Roger Fernandez,2005/04/04,Male
C_989,Addr_12,Linda Davis,2010/06/19,Female
C_990,Addr_13,Eugene Reid,1988/08/10,Male
C_991,Addr_10,Tammy Perry,1950/10/16,Female
C_992,Addr_1,Jessica Gardner,1981/03/15,Female
C_993,Addr_38,Pamela Flores,1982/01/16,Female
C_994,Addr_11,Phillip Rogers,1997/04/01,Male
C_995,Addr_18,John Nelson,1979/11/21,Male
C_996,Addr_30,Raymond Gonzalez,1996/02/19,Male
C_997,Addr_40,Nicholas Woods,1985/06/23,Male
C_998,Addr_43,Amy Perry,1996/01/14,Female
C_999,Addr_34,Richard Bell,1956/12/20,Male
<<<<<<< HEAD
C_1000,Addr_45,Chris Richards,1958/08/03,Male
=======
C_1000,Addr_44,Chris Richards,1958/08/03,Male
>>>>>>> origin/master
